[{"id":"osm:node:10126754821","name":"Bedlam Hills Galleria","category":"clothes","lat":34.0856218,"lng":-118.3484915,"country":"US","city":"Los Angeles","coins":["BTC"],"address":"Bedlam Hills Galleria, 806, North Poinsettia Place, Fairfax, Los Angeles, Los Angeles County, California, 90046, United States","website":"https://bedlam-hills-galleria.ueniweb.com/?utm_campaign=gmb","status":"active","source":"osm","last_verified":"2025-08-27","tags":["addr:city","addr:housenumber","addr:postcode","addr:state","addr:street","currency:XBT","name","payment:lightning","payment:lightning_contactless","payment:onchain"],"payment":{"lightning":true,"onchain":true,"credit_cards":false,"cash":false}},{"id":"osm:node:13057189707","name":"Fuse HVAC Service & Installation","category":"other","lat":33.9809352,"lng":-118.3842823,"country":"US","city":"Los Angeles","coins":["BTC"],"address":"Fuse HVAC Service & Installation, 6170, Canterbury Drive, Culver City, Los Angeles County, California, 90230, United States","website":"https://fuselac.com/","hours":"Mo-Fr 09:00-17:00; Sa-Su 10:00-15:00","status":"active","source":"osm","last_verified":"2025-08-27","tags":["addr:city","addr:housenumber","addr:postcode","addr:state","addr:street","addr:unit","check_date:currency:XBT","contact:email","contact:facebook","contact:instagram","payment:lightning","payment:onchain"],"phone":"+1-213-279-9223","instagram":"https://www.instagram.com/fuseservicela?utm_source=ig_web_button_share_sheet&igsh=ZDNlZDc0MzIxNw==","payment":{"lightning":true,"onchain":true,"credit_cards":false,"cash":false}},{"id":"osm:node:11867936647","name":"Grade A Ink","category":"tattoo","lat":34.1825879,"lng":-118.3962949,"country":"US","city":"Los Angeles","coins":["BTC"],"address":"Grade A Ink, 6140, Laurel Canyon Boulevard, North Hollywood Neighborhood Council District, Los Angeles, Los Angeles County, California, 91606, United States","status":"active","source":"osm","last_verified":"2025-08-27","tags":["addr:city","addr:housenumber","addr:postcode","addr:state","addr:street","addr:unit","check_date","currency:XBT","name","payment:coinos","payment:lightning","payment:onchain"],"phone":"(888) 802-4903","payment":{"lightning":true,"onchain":true,"credit_cards":false,"cash":false},"website":null},{"id":"osm:node:12300477932","name":"Highland Tamalezzz","category":"fast_food","lat":34.0738766,"lng":-118.2092069,"country":"US","city":"Los Angeles","coins":["BTC"],"address":"Highland Tamalezzz, 3031, North Broadway, Lincoln Heights, Los Angeles, Los Angeles County, California, 90031, United States","hours":"Su-Sa 07:00-09:00","status":"active","source":"osm","last_verified":"2025-08-27","tags":["addr:city","addr:housenumber","addr:postcode","addr:state","addr:street","amenity","cuisine","currency:XBT","name","opening_hours","payment:lightning"],"cuisine":"mexican;tamales","payment":{"lightning":true,"onchain":false,"credit_cards":false,"cash":false},"website":null},{"id":"osm:node:10078071561","name":"Lion Windows","category":"other","lat":34.0431486,"lng":-118.445344,"country":"US","city":"Los Angeles","coins":["BTC"],"address":"Lion Windows, 1838, Sawtelle Boulevard, Sawtelle Japantown, Sawtelle, Los Angeles, Los Angeles County, California, 90025, United States","website":"https://www.lionwindowsanddoors.com/","hours":"Mo-Fr 09:00- 17:00","status":"active","source":"osm","last_verified":"2025-08-27","tags":["addr:city","addr:housenumber","addr:postcode","addr:state","addr:street","check_date","craft","currency:XBT","name","note","payment:lightning","payment:onchain"],"phone":"3108001585","payment":{"lightning":true,"onchain":true,"credit_cards":false,"cash":false}},{"id":"osm:node:10980910081","name":"PaintOrDip","category":"other","lat":33.739576,"lng":-118.280925,"country":"US","city":"Los Angeles","coins":["BTC"],"address":"PaintOrDip, 550, South Palos Verdes Street, San Pedro Arts and Cultural District, San Pedro, Los Angeles, Los Angeles County, California, 90731, United States","website":"https://paintordip.com/","status":"active","source":"osm","last_verified":"2025-08-27","tags":["addr:city","addr:housenumber","addr:postcode","addr:state","addr:street","craft","currency:XBT","name","payment:lightning","payment:lightning_contactless","payment:onchain"],"payment":{"lightning":true,"onchain":true,"credit_cards":false,"cash":false}},{"id":"osm:node:11577190689","name":"Sasha Mac","category":"hairdresser","lat":34.0449741,"lng":-118.3371725,"country":"US","city":"Los Angeles","coins":["BTC"],"address":"Sasha Mac, 4553, Saint Charles Place, Victoria Park, Mid-Wilshire, Los Angeles, Los Angeles County, California, 90019, United States","status":"active","source":"osm","last_verified":"2025-08-27","tags":["addr:city","addr:housenumber","addr:postcode","addr:state","addr:street","check_date","currency:XBT","name","payment:lightning","payment:lightning_contactless"],"phone":"+1-808-220-4968‬","payment":{"lightning":true,"onchain":false,"credit_cards":false,"cash":false},"website":null},{"id":"osm:node:10109931124","name":"Tribute Counseling & Psychotherapy Services","category":"other","lat":34.2344685,"lng":-118.536422,"country":"US","city":"Los Angeles","coins":["BTC"],"address":"Tribute Counseling & Psychotherapy Services, 9029, Reseda Boulevard, Northridge, Northridge South Neighborhood Council District, Los Angeles, Los Angeles County, California, 91324, United States","website":"https://tributecps.com","status":"active","source":"osm","last_verified":"2025-08-27","tags":["addr:city","addr:housenumber","addr:postcode","addr:state","addr:street","addr:unit","check_date:currency:XBT","contact:twitter","currency:XBT","description","payment:lightning","payment:onchain"],"phone":"+1 818 927 1284","twitter":"@jason March","payment":{"lightning":true,"onchain":true,"credit_cards":false,"cash":false}},{"id":"osm:node:6417121785","name":"Chotto Matte","category":"restaurant","lat":25.7911078,"lng":-80.1408037,"country":"US","city":"Miami","coins":["BTC"],"address":"Chotto Matte, 1664, Lenox Avenue, Miami Beach, Miami-Dade County, Florida, 33139, United States","website":"https://chotto-matte.com/","status":"active","source":"osm","last_verified":"2025-08-27","tags":["addr:city","addr:housenumber","addr:state","addr:street","amenity","currency:XBT","name","payment:lightning","payment:lightning_contactless","payment:onchain"],"phone":"+1 305-690-0743","payment":{"lightning":true,"onchain":true,"credit_cards":false,"cash":false}},{"id":"osm:node:12115665900","name":"DESIGNHOUSE","category":"other","lat":25.7514608,"lng":-80.2588975,"country":"US","city":"Miami","coins":["BTC"],"address":"Designhouse, 2222, Ponce de Leon Boulevard, Coral Gables, Miami-Dade County, Florida, 33134, United States","website":"https://designhouseagency.com","hours":"Mo-Su 09:00-21:00","status":"active","source":"osm","last_verified":"2025-08-27","tags":["addr:city","addr:housenumber","addr:postcode","addr:state","addr:street","addr:unit","check_date","contact:email","contact:facebook","contact:instagram","payment:lightning","payment:onchain"],"phone":"+1 305-456-7253","instagram":"http://instagram.com/designhouseagency","twitter":"https://twitter.com/designhouseMIA","payment":{"lightning":true,"onchain":true,"credit_cards":false,"cash":false}},{"id":"osm:node:10132245572","name":"EZ Cleaning Supplies","category":"other","lat":25.8459371,"lng":-80.3156555,"country":"US","city":"Miami","coins":["BTC"],"address":"EZ Cleaning Supplies, Northwest 79th Terrace, Medley Mobile Homes, Medley, Miami-Dade County, Florida, 33195, United States","status":"active","source":"osm","last_verified":"2025-08-27","tags":["craft","currency:XBT","name","payment:lightning","payment:onchain","survey:date"],"payment":{"lightning":true,"onchain":true,"credit_cards":false,"cash":false},"website":null},{"id":"osm:node:6036966576","name":"Embassy Flex","category":"car_rental","lat":25.7993795,"lng":-80.2602142,"country":"US","city":"Miami","coins":["BTC"],"address":"Embassy Flex, 3910, Northwest 26th Street, Miami, Miami-Dade County, Florida, 33142, United States","hours":"24/7","status":"active","source":"osm","last_verified":"2025-08-27","tags":["addr:city","addr:housenumber","addr:postcode","addr:state","addr:street","amenity","check_date","currency:XBT","description","email","payment:lightning"],"phone":"305-481-3357","payment":{"lightning":true,"onchain":false,"credit_cards":false,"cash":false},"website":null},{"id":"osm:node:10138470850","name":"GROU Coffee + Cowork","category":"cafe","lat":25.7333956,"lng":-80.2604178,"country":"US","city":"Miami","coins":["BTC"],"address":"GROU Coffee + Cowork, 4100, Salzedo Street, Coral Gables, Miami-Dade County, Florida, 33146, United States","website":"https://groucommunity.com/","status":"active","source":"osm","last_verified":"2025-08-27","tags":["addr:city","addr:housenumber","addr:postcode","addr:state","addr:street","addr:unit","amenity","cuisine","currency:XBT","name","payment:lightning"],"phone":"+19543290256","cuisine":"coffee_shop","payment":{"lightning":true,"onchain":false,"credit_cards":false,"cash":false}},{"id":"osm:node:10111842029","name":"Iris Tattoo Miami","category":"tattoo","lat":25.8027205,"lng":-80.1955032,"country":"US","city":"Miami","coins":["BTC"],"address":"Iris Tattoo Miami, Northwest 28th Street, Wynwood, Miami, Miami-Dade County, Florida, 33127, United States","website":"https://iris.tattoo/miami/","status":"active","source":"osm","last_verified":"2025-08-27","tags":["currency:XBT","name","payment:lightning","payment:lightning_contactless","payment:onchain","phone","shop","survey:date","website"],"phone":"+17866159186","payment":{"lightning":true,"onchain":true,"credit_cards":false,"cash":false}},{"id":"osm:node:12144822528","name":"Jorge Enterprises GC - Construction","category":"other","lat":25.7480898,"lng":-80.2603205,"country":"US","city":"Miami","coins":["BTC"],"address":"Jorge Enterprises GC - Construction, Valencia Avenue, Coral Gables, Miami-Dade County, Florida, 33234, United States","website":"https://je-gc.com/","hours":"Mo-Su 08:00-21:00","status":"active","source":"osm","last_verified":"2025-08-27","tags":["addr:city","addr:postcode","addr:state","addr:street","addr:unit","check_date","check_date:currency:XBT","craft","currency:XBT","description","payment:lightning","payment:onchain"],"phone":"+1 305-492-5916","payment":{"lightning":true,"onchain":true,"credit_cards":false,"cash":false}},{"id":"osm:node:4003562489","name":"Juvia","category":"restaurant","lat":25.7906686,"lng":-80.140142,"country":"US","city":"Miami","coins":["BTC"],"address":"Juvia, 1111, Lincoln Road, Miami Beach, Miami-Dade County, Florida, 33139, United States","website":"http://www.juviamiami.com","status":"active","source":"osm","last_verified":"2025-08-27","tags":["addr:city","addr:housenumber","addr:postcode","addr:state","addr:street","amenity","contact:phone","currency:XBT","name","payment:lightning"],"phone":"+1 305 763 8272","payment":{"lightning":true,"onchain":false,"credit_cards":false,"cash":false}},{"id":"osm:node:6107890133","name":"La Santa Taqueria","category":"restaurant","lat":25.8499938,"lng":-80.1926963,"country":"US","city":"Miami","coins":["BTC"],"address":"La Santa Taqueria, 201, Northeast 82nd Street, Oakland Grove, Little River, Miami, Miami-Dade County, Florida, 33138, United States","website":"https://www.lasantataqueria.com/","status":"active","source":"osm","last_verified":"2025-08-27","tags":["addr:city","addr:housenumber","addr:postcode","addr:state","addr:street","amenity","cuisine","currency:XBT","name","payment:lightning"],"phone":"+13059061149","cuisine":"mexican","payment":{"lightning":true,"onchain":false,"credit_cards":false,"cash":false}},{"id":"osm:node:11445230873","name":"Miami Camera Rental","category":"photo","lat":25.8436974,"lng":-80.1891748,"country":"US","city":"Miami","coins":["BTC"],"address":"Miami Camera Rental, 370, Northeast 75th Street, Little River, Miami, Miami-Dade County, Florida, 33138, United States","website":"https://www.miamicamerastore.com/","status":"active","source":"osm","last_verified":"2025-08-27","tags":["addr:city","addr:country","addr:housenumber","addr:postcode","addr:street","currency:XBT","description","name","payment:lightning","payment:lightning_contactless"],"payment":{"lightning":true,"onchain":false,"credit_cards":false,"cash":false}},{"id":"osm:node:10138526560","name":"Minibar","category":"bar","lat":25.7741201,"lng":-80.1361579,"country":"US","city":"Miami","coins":["BTC"],"address":"Minibar, 418, Meridian Avenue, South Beach, Miami Beach, Miami-Dade County, Florida, 33139, United States","website":"https://www.minibarmiami.com/","status":"active","source":"osm","last_verified":"2025-08-27","tags":["addr:city","addr:housenumber","addr:postcode","addr:state","addr:street","amenity","currency:XBT","name","payment:lightning","payment:lightning_contactless"],"phone":"+17866901858","payment":{"lightning":true,"onchain":false,"credit_cards":false,"cash":false}},{"id":"osm:node:10847051464","name":"Orno Miami","category":"restaurant","lat":25.7126655,"lng":-80.2787112,"country":"US","city":"Miami","coins":["BTC"],"address":"Orno Miami, 1350, South Dixie Highway, Coral Gables, Miami-Dade County, Florida, 33146, United States","website":"https://ornomiami.com/","status":"active","source":"osm","last_verified":"2025-08-27","tags":["addr:city","addr:housenumber","addr:postcode","addr:state","addr:street","amenity","currency:XBT","name","payment:lightning","payment:lightning_contactless","payment:onchain"],"phone":"13056676766","payment":{"lightning":true,"onchain":true,"credit_cards":false,"cash":false}},{"id":"osm:node:10803293425","name":"Polo Ralph Lauren","category":"clothes","lat":25.8131574,"lng":-80.1920657,"country":"US","city":"Miami","coins":["BTC"],"address":"Polo Ralph Lauren, Paseo Ponti, Buena Vista, Miami, Miami-Dade County, Florida, 33137, United States","status":"active","source":"osm","last_verified":"2025-08-27","tags":["brand","brand:wikidata","check_date","currency:XBT","name","payment:lightning","payment:onchain","shop"],"payment":{"lightning":true,"onchain":true,"credit_cards":false,"cash":false},"website":null},{"id":"osm:node:12025637369","name":"Proof of Work Fitness","category":"other","lat":25.7749065,"lng":-80.1852126,"country":"US","city":"Miami","coins":["BTC"],"address":"Proof of Work Fitness, Miamarina Parkway Drive, HMS Bounty, Miami, Miami-Dade County, Florida, 33131, United States","website":"https://www.proofofwork.fit/","hours":"Mo-Su 10:00-21:00","status":"active","source":"osm","last_verified":"2025-08-27","tags":["addr:city","addr:postcode","addr:state","currency:XBT","description","leisure","name","opening_hours","payment:cash","payment:lightning","payment:onchain"],"phone":"+19544182545","payment":{"lightning":true,"onchain":true,"credit_cards":false,"cash":true}},{"id":"osm:node:11986492180","name":"Skyrim Security","category":"other","lat":25.8004142,"lng":-80.1885413,"country":"US","city":"Miami","coins":["BTC"],"address":"Skyrim Security, 333, Northeast 24th Street, Wynwood, Miami, Miami-Dade County, Florida, 33137, United States","website":"https://skyrimsecurity.com/","hours":"24/7","status":"active","source":"osm","last_verified":"2025-08-27","tags":["addr:city","addr:housenumber","addr:postcode","addr:state","addr:street","addr:unit","check_date","contact:email","currency:XBT","name","payment:lightning","payment:onchain"],"payment":{"lightning":true,"onchain":true,"credit_cards":false,"cash":false}},{"id":"osm:node:6091344251","name":"Supercar Rooms Miami","category":"events_venue","lat":25.7960064,"lng":-80.1979564,"country":"US","city":"Miami","coins":["BTC"],"address":"Supercar Rooms Miami, 2022, Northwest 1st Court, Overtown, Wynwood, Miami, Miami-Dade County, Florida, 33127, United States","website":"https://www.supercarrooms.com/","status":"active","source":"osm","last_verified":"2025-08-27","tags":["addr:city","addr:housenumber","addr:postcode","addr:state","addr:street","amenity","currency:XBT","name","payment:lightning","payment:lightning_contactless"],"phone":"+13058799981","payment":{"lightning":true,"onchain":false,"credit_cards":false,"cash":false}},{"id":"osm:node:4945667521","name":"Sushi Garage","category":"restaurant","lat":25.7934212,"lng":-80.1428044,"country":"US","city":"Miami","coins":["BTC"],"address":"Sushi Garage, 1784, West Avenue, Miami Beach, Miami-Dade County, Florida, 33139, United States","website":"https://www.sushigarage.com/","status":"active","source":"osm","last_verified":"2025-08-27","tags":["addr:city","addr:housenumber","addr:postcode","addr:state","addr:street","amenity","cuisine","currency:XBT","name","name:en","payment:lightning"],"phone":"+13057638355","cuisine":"sushi","payment":{"lightning":true,"onchain":false,"credit_cards":false,"cash":false}},{"id":"osm:node:10054832617","name":"Taquiza","category":"bar","lat":25.7850435,"lng":-80.1307447,"country":"US","city":"Miami","coins":["BTC"],"address":"Taquiza, Collins Avenue, Miami Beach, Miami-Dade County, Florida, 33139, United States","status":"active","source":"osm","last_verified":"2025-08-27","tags":["amenity","cuisine","currency:XBT","name","payment:lightning","payment:lightning_contactless","payment:onchain","survey:date"],"cuisine":"mexican","payment":{"lightning":true,"onchain":true,"credit_cards":false,"cash":false},"website":null},{"id":"osm:node:10567233849","name":"Thyme Machine","category":"cafe","lat":25.7621379,"lng":-80.1929626,"country":"US","city":"Miami","coins":["BTC"],"address":"Thyme Machine, Brickell Plaza, Miami, Miami-Dade County, Florida, 33131, United States","website":"https://www.thymemachinecafe.com/","hours":"07:00-00:00","status":"active","source":"osm","last_verified":"2025-08-27","tags":["amenity","check_date","cuisine","currency:XBT","email","name","opening_hours","payment:lightning","payment:lightning_contactless","payment:onchain"],"phone":"+16179716923","cuisine":"lebanese","payment":{"lightning":true,"onchain":true,"credit_cards":false,"cash":false}},{"id":"osm:node:10980987260","name":"Aburas Law, LLC","category":"other","lat":40.8919096,"lng":-74.1401536,"country":"US","city":"New York","coins":["BTC"],"address":"Aburas Law, LLC, 229, Crooks Avenue, Lake View, Clifton, Passaic County, New Jersey, 07011, United States","website":"https://www.aburaslaw.com/","status":"active","source":"osm","last_verified":"2025-08-27","tags":["addr:city","addr:housenumber","addr:postcode","addr:state","addr:street","addr:unit","currency:XBT","name","office","payment:lightning","payment:onchain","payment:lightning","payment:onchain"],"payment":{"lightning":true,"onchain":true,"credit_cards":false,"cash":false}},{"id":"osm:node:8791945336","name":"Back Of The Closet","category":"clothes","lat":40.8690068,"lng":-73.4257772,"country":"US","city":"New York","coins":["BTC"],"address":"Back Of The Closet, 388, New York Avenue, Huntington Station, Town of Huntington, Suffolk County, New York, 11743, United States","hours":"Mo-Sa 12:00-20:00, Su 12:00-18:00","status":"active","source":"osm","last_verified":"2025-08-27","tags":["addr:city","addr:housenumber","addr:postcode","addr:state","addr:street","clothes","contact:instagram","currency:XBT","name","nysgissam:nysaddresspointid","payment:lightning","payment:onchain","payment:lightning","payment:onchain"],"phone":"+1 631 470 4390","instagram":"backofthecloset__li","payment":{"lightning":true,"onchain":true,"credit_cards":false,"cash":false},"website":null},{"id":"osm:node:11949550415","name":"Bitcoin Center NYC","category":"other","lat":40.7868109,"lng":-73.9781144,"country":"US","city":"New York","coins":["BTC"],"address":"Bitcoin Center NYC, 2307, Broadway, Upper West Side, Manhattan Community Board 7, Manhattan, New York County, City of New York, New York, 10024, United States","website":"https://bitcoincenternyc.com/","status":"active","source":"osm","last_verified":"2025-08-27","tags":["addr:city","addr:housenumber","addr:postcode","addr:state","addr:street","check_date","check_date:currency:XBT","contact:facebook","contact:instagram","currency:XBT","payment:lightning","payment:onchain","payment:lightning","payment:onchain"],"phone":"+1 212 777 3322","instagram":"bitcoincenter","payment":{"lightning":true,"onchain":true,"credit_cards":false,"cash":false}},{"id":"osm:node:10127620393","name":"Budico Corp","category":"other","lat":40.8368509,"lng":-73.9926883,"country":"US","city":"New York","coins":["BTC"],"address":"Budico Corp, Pembroke Lane, Fort Lee, Bergen County, New Jersey, 07657, United States","status":"active","source":"osm","last_verified":"2025-08-27","tags":["addr:city","addr:street","check_date:currency:XBT","craft","currency:XBT","name","payment:lightning","payment:lightning_contactless","payment:onchain","phone","payment:lightning","payment:onchain"],"phone":"646-972-4231","payment":{"lightning":true,"onchain":true,"credit_cards":false,"cash":false},"website":null},{"id":"osm:node:9964721813","name":"Dandy Farmer","category":"florist","lat":40.697432,"lng":-73.9718971,"country":"US","city":"New York","coins":["BTC"],"address":"Dandy Farmer, 14, Clermont Avenue, Fort Greene, Brooklyn, Kings County, City of New York, New York, 11205, United States","website":"https://www.dandyfarmer.com","hours":"Tu-Fr 12:00-18:00; Sa 12:00-17:00","status":"active","source":"osm","last_verified":"2025-08-27","tags":["addr:city","addr:housenumber","addr:postcode","addr:state","addr:street","currency:USD","currency:XBT","description","name","opening_hours","payment:cash","payment:credit_cards","payment:lightning","payment:onchain","payment:lightning","payment:onchain"],"phone":"+1-646-481-4423","payment":{"lightning":true,"onchain":true,"credit_cards":true,"cash":true}},{"id":"osm:node:12809106019","name":"Involve Digital","category":"other","lat":40.7130184,"lng":-74.0131518,"country":"US","city":"New York","coins":["BTC"],"address":"Involve Digital, One World Trade Center, West Street, Battery Park City, Manhattan, New York County, City of New York, New York, 10007, United States","website":"https://www.involvedigital.com","hours":"Mo-Fr 09:00-17:00","status":"active","source":"osm","last_verified":"2025-08-27","tags":["addr:city","addr:housenumber","addr:postcode","addr:state","addr:street","addr:unit","check_date","check_date:currency:XBT","currency:XBT","name","payment:lightning","payment:onchain","payment:lightning","payment:onchain"],"phone":"+1 929 474 0274","payment":{"lightning":true,"onchain":true,"credit_cards":false,"cash":false}},{"id":"osm:node:12835020256","name":"Jericho Mansion","category":"other","lat":40.797047,"lng":-73.5404794,"country":"US","city":"New York","coins":["BTC"],"address":"Jericho Mansion, 112, Old Cedar Swamp Road, Jericho, Town of Oyster Bay, Nassau County, New York, 11753, United States","website":"https://airbtc.online/properties/jericho-mansion-new-york-usa/","status":"active","source":"osm","last_verified":"2025-08-27","tags":["check_date","currency:XBT","internet_access","name","payment:lightning","payment:onchain","tourism","website","payment:lightning","payment:onchain"],"payment":{"lightning":true,"onchain":true,"credit_cards":false,"cash":false}},{"id":"osm:node:5415434959","name":"Kavasutra Kava Bar","category":"bar","lat":40.7284736,"lng":-73.9834305,"country":"US","city":"New York","coins":["ETH"],"address":"Kavasutra Kava Bar, 261, East 10th Street, East Village, Manhattan Community Board 3, Manhattan, New York County, City of New York, New York, 10009, United States","website":"https://kavasutra.com/pages/kavasutra-new-york","hours":"Mo-Su 10:00-02:00","status":"active","source":"osm","last_verified":"2025-08-27","tags":["addr:housenumber","addr:postcode","addr:street","amenity","check_date","check_date:opening_hours","currency:XBT","delivery","drink:beer","drink:coffee"],"phone":"+1-646-649-4214","payment":{"lightning":false,"onchain":false,"credit_cards":false,"cash":false}},{"id":"osm:node:10238825155","name":"Loving Hands Family Care","category":"childcare","lat":40.8536048,"lng":-74.0193736,"country":"US","city":"New York","coins":["BTC"],"address":"Loving Hands Family Care, 311B, Teaneck Road, Ridgefield Park, Bergen County, New Jersey, 07660, United States","hours":"Mo-Fr 08:00-18:00","status":"active","source":"osm","last_verified":"2025-08-27","tags":["addr:city","addr:housenumber","addr:postcode","addr:state","addr:street","amenity","check_date","currency:XBT","email","name","payment:lightning","payment:onchain","payment:lightning","payment:onchain"],"phone":"347-549-6960","payment":{"lightning":true,"onchain":true,"credit_cards":false,"cash":false},"website":null},{"id":"osm:node:10559814687","name":"Melville Deli","category":"fast_food","lat":40.7904667,"lng":-73.4162102,"country":"US","city":"New York","coins":["BTC"],"address":"Melville Deli, 90, Broadhollow Road, Melville, Town of Huntington, Suffolk County, New York, 11747, United States","hours":"Mo-Su 04:00-16:00","status":"active","source":"osm","last_verified":"2025-08-27","tags":["addr:city","addr:housenumber","addr:postcode","addr:state","addr:street","amenity","check_date","check_date:currency:XBT","contact:facebook","cuisine","payment:lightning","payment:onchain","payment:lightning","payment:onchain"],"phone":"+1 631 351 9338","cuisine":"american;sandwich;salad","payment":{"lightning":true,"onchain":true,"credit_cards":false,"cash":false},"website":null},{"id":"osm:node:10245589405","name":"PubKey","category":"bar","lat":40.732185,"lng":-74.0000205,"country":"US","city":"New York","coins":["BTC"],"address":"PubKey, 85, Washington Place, Union Square, Greenwich Village, Manhattan, New York County, City of New York, New York, 10011, United States","website":"https://pubkey.bar/","hours":"Mo-Th 15:00-02:00; Fr 15:00-04:00; Sa 12:00-04:00; Su 12:00-02:00","status":"active","source":"osm","last_verified":"2025-08-27","tags":["addr:city","addr:housenumber","addr:postcode","addr:state","addr:street","amenity","brewery","check_date","check_date:currency:XBT","cuisine","payment:cash","payment:lightning","payment:onchain","payment:lightning","payment:onchain"],"phone":"+1 305 773 4249","cuisine":"hot_dog;sandwich;chicken","payment":{"lightning":true,"onchain":true,"credit_cards":false,"cash":true}},{"id":"osm:node:2762442267","name":"Safari","category":"restaurant","lat":40.8005894,"lng":-73.9527099,"country":"US","city":"New York","coins":["BTC"],"address":"Safari, 55, Saint Nicholas Avenue, Harlem, Manhattan Community Board 10, Manhattan, New York County, City of New York, New York, 10026, United States","website":"https://safariharlem.com","hours":"Tu-Su 10:00-22:00","status":"active","source":"osm","last_verified":"2025-08-27","tags":["addr:city","addr:housenumber","addr:postcode","addr:state","addr:street","amenity","check_date","check_date:currency:XBT","contact:email","contact:facebook","payment:lightning","payment:onchain","payment:lightning","payment:onchain"],"phone":"+1 646 964 4252","instagram":"safariharlemnyc","payment":{"lightning":true,"onchain":true,"credit_cards":false,"cash":false}},{"id":"osm:node:11425773528","name":"Society’s SmokeShop","category":"tobacco","lat":40.7585189,"lng":-73.989409,"country":"US","city":"New York","coins":["BTC"],"address":"Society’s SmokeShop, 300, West 44th Street, Hell's Kitchen, Manhattan Community Board 4, Manhattan, New York County, City of New York, New York, 10036, United States","hours":"Mo-Su 11:00-12:00","status":"active","source":"osm","last_verified":"2025-08-27","tags":["addr:city","addr:housenumber","addr:postcode","addr:state","addr:street","check_date","currency:XBT","name","opening_hours","payment:lightning","payment:onchain","payment:lightning","payment:onchain"],"phone":"+1-941-287-2189","payment":{"lightning":true,"onchain":true,"credit_cards":false,"cash":false},"website":null},{"id":"osm:node:12960242112","name":"Solid State Coffee","category":"cafe","lat":40.776741,"lng":-73.9796743,"country":"US","city":"New York","coins":["BTC"],"address":"Solid State Coffee, 104, West 71st Street, Lincoln Square, Manhattan Community Board 7, Manhattan, New York County, City of New York, New York, 10023, United States","website":"https://solidstatecoffee.com/","hours":"Mo-Fr 07:00-16:00; Sa-Su 07:00-17:30","status":"active","source":"osm","last_verified":"2025-08-27","tags":["addr:city","addr:housenumber","addr:postcode","addr:state","addr:street","amenity","check_date:currency:XBT","contact:instagram","contact:twitter","currency:XBT","payment:lightning","payment:lightning"],"phone":"+1-646-896-1412","instagram":"https://www.instagram.com/solidstatecoffeenyc/","twitter":"https://x.com/nycsolidstate","payment":{"lightning":true,"onchain":false,"credit_cards":false,"cash":false}},{"id":"osm:node:2768451052","name":"The Expat","category":"bar","lat":40.8154613,"lng":-73.9600115,"country":"US","city":"New York","coins":["BTC"],"address":"The Expat, 64, Tiemann Place, Morningside Heights, Manhattan Community Board 9, Manhattan, New York County, City of New York, New York, 10027, United States","website":"https://www.theexpat.nyc/","hours":"Mo-Th 11:30-23:00; Fr-Sa 11:30-00:00; Su 11:30-23:00","status":"active","source":"osm","last_verified":"2025-08-27","tags":["addr:city","addr:housenumber","addr:postcode","addr:state","addr:street","amenity","check_date:currency:XBT","currency:XBT","name","opening_hours","payment:lightning","payment:lightning"],"phone":"+1-646-410-2922","payment":{"lightning":true,"onchain":false,"credit_cards":false,"cash":false}},{"id":"osm:node:11497324014","name":"Waterfront Wines & Spirits","category":"alcohol","lat":40.6938294,"lng":-73.9994261,"country":"US","city":"New York","coins":["BTC"],"address":"Waterfront Wines & Spirits, 360, Furman Street, Columbia Street Waterfront District, Brooklyn, Kings County, City of New York, New York, 11201, United States","website":"https://waterfrontwinesnyc.com/","hours":"Mo-Th 12:00-22:00; Fr-Sa 12:00-23:00; Su 12:00-22:00","status":"active","source":"osm","last_verified":"2025-08-27","tags":["addr:housenumber","addr:postcode","addr:street","alt_name","check_date:currency:XBT","currency:USD","currency:XBT","delivery","email","name","payment:cash","payment:credit_cards","payment:lightning","payment:onchain","payment:lightning","payment:onchain"],"phone":"+1-718-246-5101","payment":{"lightning":true,"onchain":true,"credit_cards":true,"cash":true}},{"id":"osm:node:12053286920","name":"IFECS (International Fund For Education Charlie Studies)","category":"other","lat":0.3537048,"lng":-78.1219275,"country":"US","city":"San Francisco","coins":["BTC"],"address":"IFECS (International Fund For Education Charlie Studies), 225, Avenida Eloy Alfaro, San Francisco, Ibarra, Imbabura, 100105, Ecuador","hours":"Mo-Fr 09:00-18:00","status":"active","source":"osm","last_verified":"2025-08-27","tags":["addr:city","addr:housenumber","addr:postcode","addr:street","check_date:currency:XBT","currency:USD","name","office","opening_hours","payment:lightning","payment:onchain"],"phone":"+593 98 339 6885","payment":{"lightning":true,"onchain":true,"credit_cards":false,"cash":false},"website":null},{"id":"osm:node:12026421265","name":"Los Pinos","category":"cafe","lat":0.353644,"lng":-78.1176963,"country":"US","city":"San Francisco","coins":["BTC"],"address":"Los Pinos, Eusebio Borrero, San Francisco, Ibarra, Imbabura, 100150, Ecuador","hours":"Mo-Sa 08:00-13:00 , Mo-Sa 17:00-20h30","status":"active","source":"osm","last_verified":"2025-08-27","tags":["addr:city","addr:postcode","addr:street","amenity","check_date:currency:XBT","currency:XBT","internet_access","name","opening_hours","payment:lightning","payment:onchain"],"payment":{"lightning":true,"onchain":true,"credit_cards":false,"cash":false},"website":null},{"id":"osm:node:13012002745","name":"Oficinas Legales Ariadna Jaramillo y Asociados","category":"other","lat":0.3538701,"lng":-78.1230394,"country":"US","city":"San Francisco","coins":["BTC"],"address":"Oficinas Legales Ariadna Jaramillo y Asociados, Avenida Eloy Alfaro, San Francisco, Ibarra, Imbabura, 100150, Ecuador","status":"active","source":"osm","last_verified":"2025-08-27","tags":["check_date:currency:XBT","currency:XBT","name","office","payment:lightning","payment:lightning_contactless","payment:onchain"],"payment":{"lightning":true,"onchain":true,"credit_cards":false,"cash":false},"website":null},{"id":"osm:node:10687965519","name":"Recotur Cia. Ltda.","category":"travel_agency","lat":0.3520946,"lng":-78.1191785,"country":"US","city":"San Francisco","coins":["BTC"],"address":"Recotur Cia. Ltda., 593, José Joaquin de Olmedo, San Francisco, Ibarra, Imbabura, 100150, Ecuador","hours":"Mo-Fr 09:00-13:00, Mo-Fr 15:00-18:30","status":"active","source":"osm","last_verified":"2025-08-27","tags":["addr:city","addr:housenumber","addr:postcode","addr:street","check_date:currency:XBT","currency:USD","currency:XBT","last_checked","name","opening_hours","payment:cash","payment:credit_cards","payment:lightning","payment:onchain"],"phone":"+593969098863","payment":{"lightning":true,"onchain":true,"credit_cards":true,"cash":true},"website":null}]
